class_id,class_school,class_city,class_grade_inferred,class_total_missions,class_total_tasks,class_total_students,class_first_activity_date,class_last_activity_date,class_avg_quiz_seconds_taken,class_has_multi_week_activity,class_avg_completion_rate,class_distinct_task_names_by_id,class_peak_activity_slot,class_peak_activity_slot_customized,group_grade_inferred,group_task_name,group_total_students,group_total_missions,cutomized_slot_and_student
class_9,市立古亭國小,臺北市,2.0,1,1,44,2025-03-21 01:52:00.000000 UTC,2025-03-21 01:56:00.000000 UTC,12.505,False,0.954545454545455,三上［認識分數],上課時間,During Class,Grade 2,Grade 3,21+,1-1.99,During Class_21+
class_11,市立中正國小,新北市,4.0,2,2,39,2025-04-24 04:57:00.000000 UTC,2025-04-24 05:00:00.000000 UTC,38.615853658536494,False,0.320512820512821,四上［同分母分數的比較］&四上［同分母分數加減］,上課時間,During Class,Grade 4,Grade 4 Combo (Comparison + Add/Sub),21+,2-2.99,During Class_21+
class_12,縣立員山國小,宜蘭縣,4.0,1,1,38,2025-05-14 08:45:00.000000 UTC,2025-05-14 08:45:00.000000 UTC,39.517241379310306,False,0.184210526315789,四上［同分母分數加減］,早自習,Morning Self-study,Grade 4,Grade 4 (Add/Sub),21+,1-1.99,Morning Self-study_21+
class_14,市立樂善國小,桃園市,3.0,1,1,31,2025-02-18 16:52:00.000000 UTC,2025-02-19 01:10:00.000000 UTC,27.1775700934579,False,0.967741935483871,三上［認識分數],上課時間,During Class,Grade 3,Grade 3,21+,1-1.99,During Class_21+
class_15,市立龍星國小,桃園市,5.0,2,2,30,2025-02-18 00:54:00.000000 UTC,2025-02-18 06:32:00.000000 UTC,34.3706806282723,False,0.916666666666666,三上［認識分數]&四上［同分母分數加減］,上課時間,During Class,Grade 5,Grade 3 + Grade 4 (Add/Sub),21+,2-2.99,During Class_21+
class_16,縣立新生國小,宜蘭縣,3.0,1,1,30,2025-03-11 05:40:00.000000 UTC,2025-03-11 05:46:00.000000 UTC,28.0225563909774,False,0.9,三上［認識分數],上課時間,During Class,Grade 3,Grade 3,21+,1-1.99,During Class_21+
class_17,縣立照南國小,苗栗縣,4.0,2,2,29,2025-03-24 01:43:00.000000 UTC,2025-03-24 01:43:00.000000 UTC,32.1699650756694,False,0.724137931034483,四上［同分母分數的比較］&四上［同分母分數加減］,早自習,Morning Self-study,Grade 4,Grade 4 Combo (Comparison + Add/Sub),21+,2-2.99,Morning Self-study_21+
class_18,市立路竹國小,高雄市,3.0,1,1,29,2025-05-15 08:22:00.000000 UTC,2025-05-26 04:56:00.000000 UTC,45.035714285714306,True,0.0689655172413793,三上［認識分數],上課時間,During Class,Grade 3,Grade 3,21+,1-1.99,During Class_21+
class_24,市立楠陽國小,高雄市,5.0,2,1,27,2025-02-20 06:19:00.000000 UTC,2025-02-27 08:00:00.000000 UTC,60.4709388971684,True,1.0,五上［異分母分數的比較與加減］,上課時間,During Class,Grade 5,Grade 5,21+,2-2.99,During Class_21+
class_25,縣立新生國小,宜蘭縣,2.0,1,1,27,2025-03-11 06:30:00.000000 UTC,2025-03-11 06:30:00.000000 UTC,24.7103960396039,False,0.962962962962963,三上［認識分數],上課時間,During Class,Grade 2,Grade 3,21+,1-1.99,During Class_21+
class_26,縣立新生國小,宜蘭縣,2.0,1,1,27,2025-03-11 07:27:00.000000 UTC,2025-03-11 07:27:00.000000 UTC,27.4609164420485,False,0.888888888888889,三上［認識分數],上課時間,During Class,Grade 2,Grade 3,21+,1-1.99,During Class_21+
class_29,市立民族國小,嘉義市,5.0,1,1,27,2025-03-20 13:03:00.000000 UTC,2025-03-20 13:03:00.000000 UTC,,False,0.0,五上［異分母分數的比較與加減］,無資料,Others,Grade 5,Grade 5,21+,1-1.99,Others_21+
class_30,縣立平和國小,彰化縣,5.0,1,1,27,2025-03-29 10:25:00.000000 UTC,2025-03-29 10:25:00.000000 UTC,5.25,False,0.0,五上［異分母分數的比較與加減］,無資料,Others,Grade 5,Grade 5,21+,1-1.99,Others_21+
class_32,市立錦和國小,新北市,6.0,1,1,27,2025-05-23 13:27:00.000000 UTC,2025-05-23 13:27:00.000000 UTC,,False,0.0,四上［同分母分數的比較］,無資料,Others,Grade 6,Grade 4 (Comparison),21+,1-1.99,Others_21+
class_33,市立大灣國小,臺南市,4.0,2,2,27,2025-06-02 00:16:00.000000 UTC,2025-06-02 00:17:00.000000 UTC,35.6834951456311,False,0.425925925925926,四上［同分母分數的比較］&四上［同分母分數加減］,早自習,Morning Self-study,Grade 4,Grade 4 Combo (Comparison + Add/Sub),21+,2-2.99,Morning Self-study_21+
class_34,,桃園市,3.0,1,1,27,2025-06-03 04:39:00.000000 UTC,2025-06-03 04:39:00.000000 UTC,21.174358974359,False,0.962962962962963,三上［認識分數],上課時間,During Class,Grade 3,Grade 3,21+,1-1.99,During Class_21+
class_35,市立和平國小,高雄市,4.0,1,1,27,2025-06-12 00:25:00.000000 UTC,2025-06-12 01:53:00.000000 UTC,35.8815789473684,False,0.592592592592593,四上［同分母分數的比較］,上課時間,During Class,Grade 4,Grade 4 (Comparison),21+,1-1.99,During Class_21+
class_36,,新北市,4.0,1,1,26,2025-02-13 06:31:00.000000 UTC,2025-02-14 00:07:00.000000 UTC,19.3102564102564,False,0.961538461538461,三上［認識分數],早自習,Morning Self-study,Grade 4,Grade 3,21+,1-1.99,Morning Self-study_21+
class_38,市立芭里國小,桃園市,6.0,1,1,26,2025-02-19 01:04:00.000000 UTC,2025-02-19 01:04:00.000000 UTC,90.1373913043479,False,0.846153846153846,五上［異分母分數的比較與加減］,上課時間,During Class,Grade 6,Grade 5,21+,1-1.99,During Class_21+
class_39,楊梅國中秀才分校,桃園市,5.0,1,1,26,2025-03-17 03:41:00.000000 UTC,2025-03-17 03:41:00.000000 UTC,,False,0.0,五上［異分母分數的比較與加減］,無資料,Others,Grade 5,Grade 5,21+,1-1.99,Others_21+
class_40,市立清水國小,新北市,6.0,1,1,26,2025-03-25 23:45:00.000000 UTC,2025-03-25 23:45:00.000000 UTC,49.5680379746836,False,0.961538461538461,五上［異分母分數的比較與加減］,早自習,Morning Self-study,Grade 6,Grade 5,21+,1-1.99,Morning Self-study_21+
class_41,縣立馬賽國小,宜蘭縣,4.0,2,2,26,2025-03-31 01:27:00.000000 UTC,2025-03-31 01:52:00.000000 UTC,41.1461038961039,False,0.288461538461538,四上［同分母分數的比較］&四上［同分母分數加減］,上課時間,During Class,Grade 4,Grade 4 Combo (Comparison + Add/Sub),21+,2-2.99,During Class_21+
class_42,縣立馬賽國小,宜蘭縣,4.0,2,2,26,2025-04-02 03:19:00.000000 UTC,2025-04-02 03:20:00.000000 UTC,33.7610921501707,False,0.519230769230769,四上［同分母分數的比較］&四上［同分母分數加減］,上課時間,During Class,Grade 4,Grade 4 Combo (Comparison + Add/Sub),21+,2-2.99,During Class_21+
class_43,市立中港國小,新北市,5.0,1,1,26,2025-04-15 04:36:00.000000 UTC,2025-04-30 05:30:00.000000 UTC,23.3392857142857,True,0.115384615384615,四上［同分母分數加減］,上課時間,During Class,Grade 5,Grade 4 (Add/Sub),21+,1-1.99,During Class_21+
class_44,市立陳平國小,臺中市,4.0,2,2,26,2025-05-15 07:18:00.000000 UTC,2025-05-15 07:19:00.000000 UTC,38.8181818181818,False,0.0769230769230769,四上［同分母分數的比較］&四上［同分母分數加減］,上課時間,During Class,Grade 4,Grade 4 Combo (Comparison + Add/Sub),21+,2-2.99,During Class_21+
class_46,縣立信義國小,苗栗縣,4.0,2,2,25,2025-02-16 05:31:00.000000 UTC,2025-02-19 02:48:00.000000 UTC,39.3290845886442,True,0.94,四上［同分母分數的比較］&四上［同分母分數加減］,放學後,Others,Grade 4,Grade 4 Combo (Comparison + Add/Sub),21+,2-2.99,Others_21+
class_47,縣立恆春國小,屏東縣,3.0,1,1,25,2025-02-17 06:11:00.000000 UTC,2025-02-17 06:11:00.000000 UTC,24.3419117647059,False,0.8,三上［認識分數],上課時間,During Class,Grade 3,Grade 3,21+,1-1.99,During Class_21+
class_49,楊梅國中秀才分校,桃園市,5.0,1,1,25,2025-02-21 00:29:00.000000 UTC,2025-02-21 00:52:00.000000 UTC,48.1401869158878,False,0.92,五上［異分母分數的比較與加減］,上課時間,During Class,Grade 5,Grade 5,21+,1-1.99,During Class_21+
class_50,楊梅國中秀才分校,桃園市,3.0,2,1,25,2025-03-13 14:49:00.000000 UTC,2025-04-01 02:25:00.000000 UTC,17.8104776579353,True,0.98,三上［認識分數],上課時間,During Class,Grade 3,Grade 3,21+,2-2.99,During Class_21+
class_51,縣立馬賽國小,宜蘭縣,4.0,2,2,25,2025-03-31 01:09:00.000000 UTC,2025-03-31 01:10:00.000000 UTC,46.8198757763975,False,0.26,四上［同分母分數的比較］&四上［同分母分數加減］,上課時間,During Class,Grade 4,Grade 4 Combo (Comparison + Add/Sub),21+,2-2.99,During Class_21+
class_52,縣立馬賽國小,宜蘭縣,4.0,2,2,25,2025-04-02 03:05:00.000000 UTC,2025-04-02 03:06:00.000000 UTC,22.7760416666667,False,0.24,四上［同分母分數的比較］&四上［同分母分數加減］,上課時間,During Class,Grade 4,Grade 4 Combo (Comparison + Add/Sub),21+,2-2.99,During Class_21+
class_56,,臺南市,3.0,1,1,25,2025-05-29 06:23:00.000000 UTC,2025-05-29 06:59:00.000000 UTC,,False,0.0,三上［認識分數],無資料,Others,Grade 3,Grade 3,21+,1-1.99,Others_21+
class_57,縣立溪北國小,屏東縣,3.0,1,1,24,2025-02-11 11:41:00.000000 UTC,2025-02-11 11:41:00.000000 UTC,19.4230769230769,False,0.208333333333333,三上［認識分數],上課時間,During Class,Grade 3,Grade 3,21+,1-1.99,During Class_21+
class_59,縣立竹林國小,宜蘭縣,5.0,2,2,24,2025-03-17 05:08:00.000000 UTC,2025-03-18 05:22:00.000000 UTC,18.2151898734177,False,0.0851063829787234,三上［認識分數]&五上［異分母分數的比較與加減］,上課時間,During Class,Grade 5,Grade 3 + Grade 5,21+,2-2.99,During Class_21+
class_62,楊梅國中秀才分校,桃園市,5.0,1,1,24,2025-04-07 07:43:00.000000 UTC,2025-04-07 07:43:00.000000 UTC,82.144578313253,False,0.791666666666667,五上［異分母分數的比較與加減］,上課時間,During Class,Grade 5,Grade 5,21+,1-1.99,During Class_21+
class_63,楊梅國中秀才分校,桃園市,3.0,1,1,24,2025-04-16 06:13:00.000000 UTC,2025-04-16 06:13:00.000000 UTC,,False,0.0,三上［認識分數],無資料,Others,Grade 3,Grade 3,21+,1-1.99,Others_21+
class_65,市立樹德國小,臺中市,3.0,1,1,24,2025-05-30 00:40:00.000000 UTC,2025-05-30 00:40:00.000000 UTC,16.5434782608696,False,0.791666666666667,三上［認識分數],上課時間,During Class,Grade 3,Grade 3,21+,1-1.99,During Class_21+
class_66,市立新店國小,新北市,6.0,1,1,23,2025-02-08 13:23:00.000000 UTC,2025-02-08 13:23:00.000000 UTC,52.7009009009009,False,0.956521739130435,五上［異分母分數的比較與加減］,上課時間,During Class,Grade 6,Grade 5,21+,1-1.99,During Class_21+
class_67,縣立南新國小,嘉義縣,5.0,1,1,23,2025-02-19 05:11:00.000000 UTC,2025-02-19 05:11:00.000000 UTC,87.5174537987679,False,0.782608695652174,五上［異分母分數的比較與加減］,上課時間,During Class,Grade 5,Grade 5,21+,1-1.99,During Class_21+
class_69,縣立新生國小,宜蘭縣,4.0,1,1,23,2025-03-17 06:30:00.000000 UTC,2025-03-17 06:30:00.000000 UTC,38.665198237885505,False,1.0,四上［同分母分數的比較］,上課時間,During Class,Grade 4,Grade 4 (Comparison),21+,1-1.99,During Class_21+
class_70,市立仕隆國小,高雄市,3.0,1,1,23,2025-03-21 00:20:00.000000 UTC,2025-03-21 00:20:00.000000 UTC,29.8870292887029,False,0.478260869565217,四上［同分母分數加減］,早自習,Morning Self-study,Grade 3,Grade 4 (Add/Sub),21+,1-1.99,Morning Self-study_21+
class_73,縣立壯圍國小,宜蘭縣,3.0,1,1,22,2025-05-01 00:54:00.000000 UTC,2025-05-01 00:54:00.000000 UTC,25.5555555555555,False,0.818181818181818,三上［認識分數],上課時間,During Class,Grade 3,Grade 3,21+,1-1.99,During Class_21+
class_74,市立旗津國小,高雄市,4.0,1,1,22,2025-05-22 23:53:00.000000 UTC,2025-05-22 23:53:00.000000 UTC,47.285714285714306,False,0.636363636363636,四上［同分母分數的比較］,早自習,Morning Self-study,Grade 4,Grade 4 (Comparison),21+,1-1.99,Morning Self-study_21+
class_75,縣立竹崎國小,嘉義縣,3.0,1,1,21,2025-03-06 03:42:00.000000 UTC,2025-03-06 03:42:00.000000 UTC,25.2344827586207,False,0.952380952380952,三上［認識分數],上課時間,During Class,Grade 3,Grade 3,21+,1-1.99,During Class_21+
class_76,縣立民和國中,南投縣,7.0,3,3,21,2025-05-21 07:41:00.000000 UTC,2025-05-21 07:42:00.000000 UTC,35.7489768076398,False,0.698412698412698,三上［認識分數]&四上［同分母分數的比較］&四上［同分母分數加減］,課後輔導,After-school Tutoring,Grade 7,Grade 3 + Grade 4 Combo (Comparison + Add/Sub),21+,3-3.99,After-school Tutoring_21+
class_78,縣立柳林國小,嘉義縣,3.0,1,1,20,2025-02-11 01:52:00.000000 UTC,2025-02-11 01:59:00.000000 UTC,28.0771929824561,False,0.85,三上［認識分數],上課時間,During Class,Grade 3,Grade 3,11-20,1-1.99,During Class_11-20
class_79,縣立成功國小,臺東縣,4.0,2,2,20,2025-02-19 08:11:00.000000 UTC,2025-02-19 08:12:00.000000 UTC,34.6484375,False,0.8,四上［同分母分數的比較］&四上［同分母分數加減］,上課時間,During Class,Grade 4,Grade 4 Combo (Comparison + Add/Sub),11-20,2-2.99,During Class_11-20
class_80,楊梅國中秀才分校,桃園市,5.0,1,1,20,2025-02-24 05:40:00.000000 UTC,2025-02-24 05:40:00.000000 UTC,30.2207792207792,False,0.3,五上［異分母分數的比較與加減］,上課時間,During Class,Grade 5,Grade 5,11-20,1-1.99,During Class_11-20
class_81,市立岸裡國小,臺中市,5.0,1,1,20,2025-04-15 11:50:00.000000 UTC,2025-04-15 11:50:00.000000 UTC,8.44444444444444,False,0.05,五上［異分母分數的比較與加減］,放學後,Others,Grade 5,Grade 5,11-20,1-1.99,Others_11-20
class_85,市立烏來國(中)小,新北市,5.0,1,1,19,2025-02-20 07:59:00.000000 UTC,2025-02-20 23:50:00.000000 UTC,58.6027397260274,False,0.947368421052631,五上［異分母分數的比較與加減］,早自習,Morning Self-study,Grade 5,Grade 5,11-20,1-1.99,Morning Self-study_11-20
class_86,縣立利澤國小,宜蘭縣,5.0,2,2,19,2025-02-27 00:15:00.000000 UTC,2025-02-27 07:45:00.000000 UTC,24.4379457917261,False,0.921052631578947,四上［同分母分數的比較］&四上［同分母分數加減］,早自習,Morning Self-study,Grade 5,Grade 4 Combo (Comparison + Add/Sub),11-20,2-2.99,Morning Self-study_11-20
class_87,縣立五結國小,宜蘭縣,4.0,2,2,19,2025-03-14 07:40:00.000000 UTC,2025-03-20 05:26:00.000000 UTC,47.73372287145249,True,1.0,四上［同分母分數的比較］&四上［同分母分數加減］,上課時間,During Class,Grade 4,Grade 4 Combo (Comparison + Add/Sub),11-20,2-2.99,During Class_11-20
class_88,,屏東縣,3.0,1,1,19,2025-03-25 02:03:00.000000 UTC,2025-06-06 03:33:00.000000 UTC,24.6145251396648,True,0.947368421052631,三上［認識分數],上課時間,During Class,Grade 3,Grade 3,11-20,1-1.99,During Class_11-20
class_89,縣立古亭國小,宜蘭縣,4.0,1,1,19,2025-04-30 03:33:00.000000 UTC,2025-04-30 03:33:00.000000 UTC,16.05,False,0.0526315789473684,四上［同分母分數的比較］,上課時間,During Class,Grade 4,Grade 4 (Comparison),11-20,1-1.99,During Class_11-20
class_94,縣立武淵國小,宜蘭縣,5.0,1,1,17,2025-02-27 00:32:00.000000 UTC,2025-02-27 00:32:00.000000 UTC,60.0802005012531,False,0.941176470588235,五上［異分母分數的比較與加減］,上課時間,During Class,Grade 5,Grade 5,11-20,1-1.99,During Class_11-20
class_95,楊梅國中秀才分校,桃園市,4.0,3,3,17,2025-03-20 06:52:00.000000 UTC,2025-04-15 07:42:00.000000 UTC,31.5192307692308,True,0.0196078431372549,三上［認識分數]&四上［同分母分數的比較］&四上［同分母分數加減］,上課時間,During Class,Grade 4,Grade 3 + Grade 4 Combo (Comparison + Add/Sub),11-20,3-3.99,During Class_11-20
class_96,市立重溪國小,臺南市,3.0,1,1,17,2025-05-13 01:14:00.000000 UTC,2025-05-13 02:00:00.000000 UTC,24.0696517412935,False,0.88235294117647,三上［認識分數],上課時間,During Class,Grade 3,Grade 3,11-20,1-1.99,During Class_11-20
class_97,,高雄市,1.0,2,2,16,2025-02-05 03:42:00.000000 UTC,2025-03-03 01:24:00.000000 UTC,5.769230769230769,True,0.105263157894737,四上［同分母分數的比較］&五上［異分母分數的比較與加減］,課後輔導,After-school Tutoring,Grade 1,Grade 4 (Comparison) + Grade 5,11-20,2-2.99,After-school Tutoring_11-20
class_98,縣立四季國小,宜蘭縣,3.0,1,1,16,2025-02-13 05:01:00.000000 UTC,2025-02-25 07:49:00.000000 UTC,13.2128378378378,True,0.9375,三上［認識分數],上課時間,During Class,Grade 3,Grade 3,11-20,1-1.99,During Class_11-20
class_99,縣立人文國中(小),宜蘭縣,3.0,3,2,16,2025-02-20 02:52:00.000000 UTC,2025-02-27 03:22:00.000000 UTC,33.3279569892473,True,0.75,三上［認識分數]&四上［同分母分數的比較］,上課時間,During Class,Grade 3,Grade 3 + Grade 4 (Comparison),11-20,3-3.99,During Class_11-20
class_101,縣立人文國中(小),宜蘭縣,4.0,2,2,15,2025-05-12 02:43:00.000000 UTC,2025-05-26 02:53:00.000000 UTC,29.5911111111111,True,0.866666666666667,三上［認識分數]&四上［同分母分數的比較］,上課時間,During Class,Grade 4,Grade 3 + Grade 4 (Comparison),11-20,2-2.99,During Class_11-20
class_102,市立宣信國小,嘉義市,4.0,1,1,15,2025-05-19 08:24:00.000000 UTC,2025-05-19 08:24:00.000000 UTC,46.48,False,0.333333333333333,四上［同分母分數的比較］,課後輔導,After-school Tutoring,Grade 4,Grade 4 (Comparison),11-20,1-1.99,After-school Tutoring_11-20
class_103,縣立豐年國小,臺東縣,4.0,3,3,15,2025-05-29 00:03:00.000000 UTC,2025-05-31 09:54:00.000000 UTC,49.737909516380704,False,0.813953488372093,三上［認識分數]&四上［同分母分數的比較］&四上［同分母分數加減］,上課時間,During Class,Grade 4,Grade 3 + Grade 4 Combo (Comparison + Add/Sub),11-20,3-3.99,During Class_11-20
class_104,市立鹽水國小,臺南市,5.0,2,1,14,2025-02-09 23:37:00.000000 UTC,2025-02-27 08:18:00.000000 UTC,,True,0.0,五上［異分母分數的比較與加減］,無資料,Others,Grade 5,Grade 5,11-20,2-2.99,Others_11-20
class_105,縣立海埔國小,彰化縣,6.0,1,1,14,2025-02-14 02:30:00.000000 UTC,2025-02-14 02:30:00.000000 UTC,42.675958188153295,False,1.0,五上［異分母分數的比較與加減］,上課時間,During Class,Grade 6,Grade 5,11-20,1-1.99,During Class_11-20
class_107,縣立社口國小,嘉義縣,4.0,2,2,14,2025-03-04 00:22:00.000000 UTC,2025-03-04 01:59:00.000000 UTC,44.3568965517241,False,1.0,四上［同分母分數的比較］&四上［同分母分數加減］,上課時間,During Class,Grade 4,Grade 4 Combo (Comparison + Add/Sub),11-20,2-2.99,During Class_11-20
class_109,市立前峰國小,高雄市,6.0,1,1,13,2025-03-24 08:23:00.000000 UTC,2025-03-24 08:23:00.000000 UTC,50.981927710843294,False,0.461538461538462,五上［異分母分數的比較與加減］,課後輔導,After-school Tutoring,Grade 6,Grade 5,11-20,1-1.99,After-school Tutoring_11-20
class_110,市立銘傳國中,基隆市,5.0,4,3,12,2025-02-03 05:07:00.000000 UTC,2025-06-16 03:26:00.000000 UTC,2.77272727272727,True,0.111111111111111,三上［認識分數]&四上［同分母分數的比較］&五上［異分母分數的比較與加減］,上課時間,During Class,Grade 5,Grade 3 + Grade 4 (Comparison) + Grade 5,11-20,4+,During Class_11-20
class_111,市立深坑國小,臺南市,4.0,3,3,12,2025-02-07 05:46:00.000000 UTC,2025-02-07 05:48:00.000000 UTC,28.2155688622754,False,1.0,三上［認識分數]&四上［同分母分數的比較］&四上［同分母分數加減］,課後輔導,After-school Tutoring,Grade 4,Grade 3 + Grade 4 Combo (Comparison + Add/Sub),11-20,3-3.99,After-school Tutoring_11-20
class_112,市立潛龍國小,桃園市,3.0,1,1,12,2025-02-09 14:45:00.000000 UTC,2025-02-25 05:45:00.000000 UTC,48.5636363636364,True,0.916666666666667,三上［認識分數],課後輔導,After-school Tutoring,Grade 3,Grade 3,11-20,1-1.99,After-school Tutoring_11-20
class_113,市立鎮海國小,臺南市,6.0,1,1,12,2025-02-11 08:30:00.000000 UTC,2025-02-13 06:59:00.000000 UTC,32.36,False,0.0833333333333333,五上［異分母分數的比較與加減］,課後輔導,After-school Tutoring,Grade 6,Grade 5,11-20,1-1.99,After-school Tutoring_11-20
class_114,縣立樟湖生態國(中)小,雲林縣,3.0,2,1,12,2025-02-12 15:19:00.000000 UTC,2025-02-13 03:34:00.000000 UTC,24.1705882352941,False,0.933333333333333,三上［認識分數],上課時間,During Class,Grade 3,Grade 3,11-20,2-2.99,During Class_11-20
class_115,市立大潭國小,桃園市,3.0,1,1,12,2025-02-18 06:22:00.000000 UTC,2025-02-18 06:22:00.000000 UTC,49.2,False,0.916666666666667,三上［認識分數],上課時間,During Class,Grade 3,Grade 3,11-20,1-1.99,During Class_11-20
class_117,市立修德國小,新北市,4.0,3,2,12,2025-03-18 06:52:00.000000 UTC,2025-06-05 07:55:00.000000 UTC,25.8826815642458,True,0.310344827586207,四上［同分母分數的比較］&四上［同分母分數加減］,課後輔導,After-school Tutoring,Grade 4,Grade 4 Combo (Comparison + Add/Sub),11-20,3-3.99,After-school Tutoring_11-20
class_118,楊梅國中秀才分校,桃園市,4.0,2,2,12,2025-03-18 23:53:00.000000 UTC,2025-03-20 00:29:00.000000 UTC,42.2625,False,1.0,四上［同分母分數的比較］&四上［同分母分數加減］,早自習,Morning Self-study,Grade 4,Grade 4 Combo (Comparison + Add/Sub),11-20,2-2.99,Morning Self-study_11-20
class_119,市立建德國小,桃園市,3.0,1,1,12,2025-04-27 23:48:00.000000 UTC,2025-04-30 00:06:00.000000 UTC,24.3984962406015,True,0.666666666666667,三上［認識分數],早自習,Morning Self-study,Grade 3,Grade 3,11-20,1-1.99,Morning Self-study_11-20
class_120,,臺北市,5.0,1,1,12,2025-05-01 22:25:00.000000 UTC,2025-05-01 22:25:00.000000 UTC,8.93333333333333,False,0.0833333333333333,三上［認識分數],學前,Others,Grade 5,Grade 3,11-20,1-1.99,Others_11-20
class_124,市立崑山國小,臺南市,6.0,1,1,11,2025-02-17 07:21:00.000000 UTC,2025-02-17 07:21:00.000000 UTC,47.6240875912409,False,1.0,五上［異分母分數的比較與加減］,課後輔導,After-school Tutoring,Grade 6,Grade 5,11-20,1-1.99,After-school Tutoring_11-20
class_127,縣立東衛國小,澎湖縣,3.0,1,1,11,2025-05-16 05:57:00.000000 UTC,2025-05-16 05:57:00.000000 UTC,,False,0.0,三上［認識分數],無資料,Others,Grade 3,Grade 3,11-20,1-1.99,Others_11-20
class_128,市立中芸國小,高雄市,6.0,1,1,11,2025-05-28 03:43:00.000000 UTC,2025-05-28 03:43:00.000000 UTC,80.3333333333333,False,0.0,四上［同分母分數的比較］,無資料,Others,Grade 6,Grade 4 (Comparison),11-20,1-1.99,Others_11-20
class_131,市立三重國小,新北市,4.0,1,1,10,2025-02-13 07:35:00.000000 UTC,2025-02-13 08:41:00.000000 UTC,50.285714285714306,False,0.5,四上［同分母分數加減］,課後輔導,After-school Tutoring,Grade 4,Grade 4 (Add/Sub),6-10,1-1.99,After-school Tutoring_6-10
class_132,縣立清溝國小,宜蘭縣,5.0,2,1,10,2025-02-17 00:57:00.000000 UTC,2025-02-20 08:26:00.000000 UTC,71.3726708074535,False,0.631578947368421,五上［異分母分數的比較與加減］,課後輔導,After-school Tutoring,Grade 5,Grade 5,6-10,2-2.99,After-school Tutoring_6-10
class_134,市立龍潭國小,臺南市,6.0,3,3,10,2025-03-03 11:55:00.000000 UTC,2025-03-17 11:59:00.000000 UTC,23.6832460732984,True,0.7,三上［認識分數]&四上［同分母分數的比較］&四上［同分母分數加減］,課後輔導,After-school Tutoring,Grade 6,Grade 3 + Grade 4 Combo (Comparison + Add/Sub),6-10,3-3.99,After-school Tutoring_6-10
class_136,市立忠義國小,新北市,5.0,1,1,10,2025-03-13 08:16:00.000000 UTC,2025-03-13 08:16:00.000000 UTC,49.32,False,0.5,五上［異分母分數的比較與加減］,課後輔導,After-school Tutoring,Grade 5,Grade 5,6-10,1-1.99,After-school Tutoring_6-10
class_137,縣立壯圍國小,宜蘭縣,4.0,1,1,10,2025-03-13 08:17:00.000000 UTC,2025-03-13 08:18:00.000000 UTC,75.6280991735537,False,0.9,五上［異分母分數的比較與加減］,課後輔導,After-school Tutoring,Grade 4,Grade 5,6-10,1-1.99,After-school Tutoring_6-10
class_139,私立上智國小,新竹縣,7.0,1,1,10,2025-03-28 04:40:00.000000 UTC,2025-03-28 04:40:00.000000 UTC,27.5,False,0.0,五上［異分母分數的比較與加減］,無資料,Others,Grade 7,Grade 5,6-10,1-1.99,Others_6-10
class_141,市立東陽國小,臺南市,3.0,1,1,10,2025-04-16 05:40:00.000000 UTC,2025-04-16 05:41:00.000000 UTC,17.4137931034483,False,0.7,三上［認識分數],上課時間,During Class,Grade 3,Grade 3,6-10,1-1.99,During Class_6-10
class_145,縣立信義國小,南投縣,5.0,1,1,9,2025-02-17 06:23:00.000000 UTC,2025-02-17 07:45:00.000000 UTC,197.404,False,1.0,五上［異分母分數的比較與加減］,上課時間,During Class,Grade 5,Grade 5,6-10,1-1.99,During Class_6-10
class_146,市立忠山實驗小學,新北市,4.0,1,1,9,2025-02-19 04:51:00.000000 UTC,2025-02-19 04:51:00.000000 UTC,38.1777777777778,False,1.0,四上［同分母分數的比較］,課後輔導,After-school Tutoring,Grade 4,Grade 4 (Comparison),6-10,1-1.99,After-school Tutoring_6-10
class_147,市立新市國小,臺南市,4.0,1,1,9,2025-02-19 07:24:00.000000 UTC,2025-02-19 07:24:00.000000 UTC,46.15,False,1.0,四上［同分母分數的比較］,上課時間,During Class,Grade 4,Grade 4 (Comparison),6-10,1-1.99,During Class_6-10
class_148,縣立富世國小,花蓮縣,5.0,1,1,9,2025-02-25 07:15:00.000000 UTC,2025-02-25 08:12:00.000000 UTC,66.5333333333333,False,0.888888888888889,五上［異分母分數的比較與加減］,課後輔導,After-school Tutoring,Grade 5,Grade 5,6-10,1-1.99,After-school Tutoring_6-10
class_149,楊梅國中秀才分校,桃園市,6.0,4,4,9,2025-03-04 08:15:00.000000 UTC,2025-03-20 07:59:00.000000 UTC,26.4465290806754,True,0.75,三上［認識分數]&四上［同分母分數的比較］&四上［同分母分數加減］&五上［異分母分數的比較與加減］,課後輔導,After-school Tutoring,Grade 6,Grade 3 + Grade 4 Combo + Grade 5,6-10,4+,After-school Tutoring_6-10
class_150,市立西門國小,新竹市,5.0,3,3,9,2025-03-10 08:24:00.000000 UTC,2025-05-15 09:14:00.000000 UTC,50.469642857142894,True,1.0,四上［同分母分數的比較］&四上［同分母分數加減］&五上［異分母分數的比較與加減］,課後輔導,After-school Tutoring,Grade 5,Grade 4 Combo + Grade 5,6-10,3-3.99,After-school Tutoring_6-10
class_151,縣立康樂國小,花蓮縣,3.0,1,1,9,2025-03-14 07:59:00.000000 UTC,2025-03-18 00:34:00.000000 UTC,25.2761194029851,True,1.0,三上［認識分數],上課時間,During Class,Grade 3,Grade 3,6-10,1-1.99,During Class_6-10
class_152,市立文德國小,高雄市,5.0,1,1,9,2025-03-18 08:35:00.000000 UTC,2025-03-18 08:35:00.000000 UTC,29.44,False,0.111111111111111,五上［異分母分數的比較與加減］,課後輔導,After-school Tutoring,Grade 5,Grade 5,6-10,1-1.99,After-school Tutoring_6-10
class_153,縣立玉里國小,花蓮縣,6.0,1,1,9,2025-04-09 01:49:00.000000 UTC,2025-04-09 01:49:00.000000 UTC,74.42792792792791,False,1.0,五上［異分母分數的比較與加減］,課後輔導,After-school Tutoring,Grade 6,Grade 5,6-10,1-1.99,After-school Tutoring_6-10
class_154,市立嘉北國小,嘉義市,4.0,5,3,9,2025-05-09 08:13:00.000000 UTC,2025-06-10 07:43:00.000000 UTC,28.3531531531532,True,0.555555555555555,三上［認識分數]&四上［同分母分數的比較］&四上［同分母分數加減］,課後輔導,After-school Tutoring,Grade 4,Grade 3 + Grade 4 Combo (Comparison + Add/Sub),6-10,4+,After-school Tutoring_6-10
class_157,市立陽明國小,高雄市,4.0,2,2,8,2025-02-11 09:16:00.000000 UTC,2025-02-11 09:18:00.000000 UTC,41.2137931034483,False,0.8125,四上［同分母分數的比較］&四上［同分母分數加減］,課後輔導,After-school Tutoring,Grade 4,Grade 4 Combo (Comparison + Add/Sub),6-10,2-2.99,After-school Tutoring_6-10
class_159,市立公館國小,臺北市,3.0,3,1,8,2025-02-18 09:19:00.000000 UTC,2025-05-15 06:36:00.000000 UTC,26.3833333333333,True,0.857142857142857,三上［認識分數],課後輔導,After-school Tutoring,Grade 3,Grade 3,6-10,3-3.99,After-school Tutoring_6-10
class_160,縣立芎林國中,新竹縣,3.0,2,2,8,2025-02-23 06:18:00.000000 UTC,2025-02-23 06:19:00.000000 UTC,47.8780487804878,False,0.25,四上［同分母分數的比較］&五上［異分母分數的比較與加減］,課後輔導,After-school Tutoring,Grade 3,Grade 4 (Comparison) + Grade 5,6-10,2-2.99,After-school Tutoring_6-10
class_162,市立建國國小,臺中市,5.0,1,1,8,2025-02-26 06:45:00.000000 UTC,2025-02-26 06:45:00.000000 UTC,91.90259740259741,False,0.75,五上［異分母分數的比較與加減］,課後輔導,After-school Tutoring,Grade 5,Grade 5,6-10,1-1.99,After-school Tutoring_6-10
class_163,市立百福國中,基隆市,5.0,2,2,8,2025-03-03 08:26:00.000000 UTC,2025-03-24 08:38:00.000000 UTC,46.2770562770563,True,0.923076923076923,四上［同分母分數的比較］&五上［異分母分數的比較與加減］,課後輔導,After-school Tutoring,Grade 5,Grade 4 (Comparison) + Grade 5,6-10,2-2.99,After-school Tutoring_6-10
class_164,市立龍潭國小,臺南市,4.0,3,3,8,2025-03-06 08:17:00.000000 UTC,2025-04-08 08:41:00.000000 UTC,34.5070754716981,True,1.0,三上［認識分數]&四上［同分母分數的比較］&四上［同分母分數加減］,課後輔導,After-school Tutoring,Grade 4,Grade 3 + Grade 4 Combo (Comparison + Add/Sub),6-10,3-3.99,After-school Tutoring_6-10
class_165,楊梅國中秀才分校,桃園市,3.0,2,1,8,2025-03-11 08:21:00.000000 UTC,2025-03-11 08:28:00.000000 UTC,30.3934426229508,False,1.0,三上［認識分數],課後輔導,After-school Tutoring,Grade 3,Grade 3,6-10,2-2.99,After-school Tutoring_6-10
class_166,縣立三民國小,宜蘭縣,3.0,2,1,8,2025-03-17 05:26:00.000000 UTC,2025-03-17 05:37:00.000000 UTC,23.2327586206897,False,1.0,三上［認識分數],上課時間,During Class,Grade 3,Grade 3,6-10,2-2.99,During Class_6-10
class_167,市立三光國小,新北市,5.0,1,1,8,2025-03-18 06:48:00.000000 UTC,2025-03-18 06:48:00.000000 UTC,,False,0.0,五上［異分母分數的比較與加減］,無資料,Others,Grade 5,Grade 5,6-10,1-1.99,Others_6-10
class_168,市立松竹國小,臺中市,4.0,1,1,8,2025-03-20 05:19:00.000000 UTC,2025-03-20 05:19:00.000000 UTC,53.012345679012306,False,0.375,四上［同分母分數加減］,課後輔導,After-school Tutoring,Grade 4,Grade 4 (Add/Sub),6-10,1-1.99,After-school Tutoring_6-10
class_170,市立海埔國小,高雄市,4.0,1,1,8,2025-03-28 05:25:00.000000 UTC,2025-03-28 05:25:00.000000 UTC,44.623655913978496,False,0.25,五上［異分母分數的比較與加減］,課後輔導,After-school Tutoring,Grade 4,Grade 5,6-10,1-1.99,After-school Tutoring_6-10
class_171,楊梅國中秀才分校,桃園市,3.0,1,1,8,2025-04-07 08:02:00.000000 UTC,2025-04-07 08:02:00.000000 UTC,22.4444444444444,False,0.375,三上［認識分數],課後輔導,After-school Tutoring,Grade 3,Grade 3,6-10,1-1.99,After-school Tutoring_6-10
class_172,市立新市國小,臺南市,3.0,2,1,8,2025-04-30 07:31:00.000000 UTC,2025-05-21 01:11:00.000000 UTC,35.8679245283019,True,0.6875,三上［認識分數],課後輔導,After-school Tutoring,Grade 3,Grade 3,6-10,2-2.99,After-school Tutoring_6-10
class_173,縣立椰油國小,臺東縣,4.0,3,3,8,2025-04-30 07:55:00.000000 UTC,2025-05-07 02:59:00.000000 UTC,59.4137115839244,True,0.958333333333333,三上［認識分數]&四上［同分母分數的比較］&四上［同分母分數加減］,上課時間,During Class,Grade 4,Grade 3 + Grade 4 Combo (Comparison + Add/Sub),6-10,3-3.99,During Class_6-10
class_174,,花蓮縣,3.0,1,1,8,2025-05-13 05:37:00.000000 UTC,2025-05-13 05:43:00.000000 UTC,14.1,False,0.25,三上［認識分數],上課時間,During Class,Grade 3,Grade 3,6-10,1-1.99,During Class_6-10
class_176,縣立水尾國小,彰化縣,4.0,1,1,8,2025-05-28 01:34:00.000000 UTC,2025-05-28 01:34:00.000000 UTC,71.64285714285711,False,0.875,四上［同分母分數的比較］,上課時間,During Class,Grade 4,Grade 4 (Comparison),6-10,1-1.99,During Class_6-10
class_177,市立內新國小,臺中市,4.0,1,1,8,2025-05-29 07:38:00.000000 UTC,2025-05-29 07:38:00.000000 UTC,41.8775510204082,False,0.5,四上［同分母分數的比較］,課後輔導,After-school Tutoring,Grade 4,Grade 4 (Comparison),6-10,1-1.99,After-school Tutoring_6-10
class_178,市立中正國小,新北市,4.0,1,1,8,2025-06-09 06:58:00.000000 UTC,2025-06-09 06:58:00.000000 UTC,16.3333333333333,False,0.25,四上［同分母分數的比較］,上課時間,During Class,Grade 4,Grade 4 (Comparison),6-10,1-1.99,During Class_6-10
class_179,市立中正國小,新北市,4.0,2,2,8,2025-06-09 07:04:00.000000 UTC,2025-06-09 07:06:00.000000 UTC,33.8319327731092,False,0.25,四上［同分母分數的比較］&四上［同分母分數加減］,早自習,Morning Self-study,Grade 4,Grade 4 Combo (Comparison + Add/Sub),6-10,2-2.99,Morning Self-study_6-10
class_181,縣立崎峰國小,屏東縣,3.0,1,1,7,2025-02-09 15:22:00.000000 UTC,2025-02-11 01:50:00.000000 UTC,17.8666666666667,True,0.857142857142857,三上［認識分數],上課時間,During Class,Grade 3,Grade 3,6-10,1-1.99,During Class_6-10
class_183,市立錦湖國小,臺南市,3.0,1,1,7,2025-02-13 00:12:00.000000 UTC,2025-02-13 00:12:00.000000 UTC,40.2380952380953,False,1.0,三上［認識分數],上課時間,During Class,Grade 3,Grade 3,6-10,1-1.99,During Class_6-10
class_184,市立龍泉國小,臺中市,5.0,1,1,7,2025-02-14 08:18:00.000000 UTC,2025-03-04 09:02:00.000000 UTC,39.05769230769231,True,1.0,五上［異分母分數的比較與加減］,上課時間,During Class,Grade 5,Grade 5,6-10,1-1.99,During Class_6-10
class_186,市立楠陽國小,高雄市,3.0,1,1,7,2025-03-03 08:25:00.000000 UTC,2025-03-03 08:50:00.000000 UTC,20.1780821917808,False,0.714285714285714,三上［認識分數],課後輔導,After-school Tutoring,Grade 3,Grade 3,6-10,1-1.99,After-school Tutoring_6-10
class_187,,新北市,6.0,1,1,7,2025-03-13 07:55:00.000000 UTC,2025-03-20 07:12:00.000000 UTC,58.2558139534884,True,0.714285714285714,五上［異分母分數的比較與加減］,課後輔導,After-school Tutoring,Grade 6,Grade 5,6-10,1-1.99,After-school Tutoring_6-10
class_188,市立龍潭國小,臺南市,6.0,2,2,7,2025-03-17 11:56:00.000000 UTC,2025-03-17 11:57:00.000000 UTC,80.7,False,0.0833333333333333,三上［認識分數]&四上［同分母分數的比較］,放學後,Others,Grade 6,Grade 3 + Grade 4 (Comparison),6-10,2-2.99,Others_6-10
class_189,市立頭汴國小,臺中市,4.0,6,3,7,2025-03-18 08:50:00.000000 UTC,2025-05-13 08:45:00.000000 UTC,37.520895522388095,True,1.0,三上［認識分數]&四上［同分母分數的比較］&四上［同分母分數加減］,課後輔導,After-school Tutoring,Grade 4,Grade 3 + Grade 4 Combo (Comparison + Add/Sub),6-10,4+,After-school Tutoring_6-10
class_190,市立文德國小,新北市,4.0,2,2,7,2025-03-20 08:12:00.000000 UTC,2025-03-31 08:35:00.000000 UTC,21.3481481481482,True,0.461538461538462,三上［認識分數]&四上［同分母分數的比較］,課後輔導,After-school Tutoring,Grade 4,Grade 3 + Grade 4 (Comparison),6-10,2-2.99,After-school Tutoring_6-10
class_191,縣立龍港國小,嘉義縣,3.0,1,1,7,2025-03-23 23:50:00.000000 UTC,2025-03-23 23:50:00.000000 UTC,31.9868421052632,False,0.857142857142857,三上［認識分數],上課時間,During Class,Grade 3,Grade 3,6-10,1-1.99,During Class_6-10
class_193,國立臺東大學,臺東縣,6.0,2,1,7,2025-04-01 08:25:00.000000 UTC,2025-04-01 08:36:00.000000 UTC,41.3718592964824,False,0.888888888888889,五上［異分母分數的比較與加減］,課後輔導,After-school Tutoring,Grade 6,Grade 5,6-10,2-2.99,After-school Tutoring_6-10
class_194,縣立竹興國小,苗栗縣,4.0,2,2,7,2025-04-11 06:37:00.000000 UTC,2025-04-18 05:19:00.000000 UTC,38.780612244898,True,0.714285714285714,四上［同分母分數的比較］&四上［同分母分數加減］,上課時間,During Class,Grade 4,Grade 4 Combo (Comparison + Add/Sub),6-10,2-2.99,During Class_6-10
class_195,縣立大同國小,屏東縣,6.0,1,1,7,2025-04-12 04:02:00.000000 UTC,2025-04-14 08:30:00.000000 UTC,30.7333333333333,True,0.0,五上［異分母分數的比較與加減］,無資料,Others,Grade 6,Grade 5,6-10,1-1.99,Others_6-10
class_196,縣立隙頂國小,嘉義縣,3.0,1,1,7,2025-04-16 12:18:00.000000 UTC,2025-04-16 12:18:00.000000 UTC,17.0666666666667,False,0.285714285714286,三上［認識分數],放學後,Others,Grade 3,Grade 3,6-10,1-1.99,Others_6-10
class_197,市立永寧國小,臺中市,3.0,2,2,7,2025-04-23 05:06:00.000000 UTC,2025-04-23 07:42:00.000000 UTC,151.934640522876,False,0.857142857142857,三上［認識分數]&四上［同分母分數加減］,上課時間,During Class,Grade 3,Grade 3 + Grade 4 (Add/Sub),6-10,2-2.99,During Class_6-10
class_198,縣立大城國小,彰化縣,4.0,2,2,7,2025-05-07 05:10:00.000000 UTC,2025-05-07 05:10:00.000000 UTC,41.5954198473283,False,0.428571428571429,四上［同分母分數的比較］&四上［同分母分數加減］,上課時間,During Class,Grade 4,Grade 4 Combo (Comparison + Add/Sub),6-10,2-2.99,During Class_6-10
class_199,縣立安興國小,新竹縣,3.0,1,1,7,2025-05-09 06:06:00.000000 UTC,2025-05-23 06:28:00.000000 UTC,20.56,True,0.714285714285714,三上［認識分數],上課時間,During Class,Grade 3,Grade 3,6-10,1-1.99,During Class_6-10
class_200,市立武漢國中,桃園市,10.0,1,1,7,2025-05-13 04:58:00.000000 UTC,2025-05-14 03:10:00.000000 UTC,41.425,False,0.285714285714286,四上［同分母分數的比較］,課後輔導,After-school Tutoring,Grade 10,Grade 4 (Comparison),6-10,1-1.99,After-school Tutoring_6-10
class_201,縣立水利國小,屏東縣,2.0,1,1,7,2025-05-15 02:41:00.000000 UTC,2025-05-15 02:41:00.000000 UTC,17.0666666666667,False,0.857142857142857,三上［認識分數],上課時間,During Class,Grade 2,Grade 3,6-10,1-1.99,During Class_6-10
class_202,市立立人國小,臺南市,3.0,1,1,7,2025-05-19 07:52:00.000000 UTC,2025-05-19 07:52:00.000000 UTC,18.1428571428571,False,0.142857142857143,三上［認識分數],課後輔導,After-school Tutoring,Grade 3,Grade 3,6-10,1-1.99,After-school Tutoring_6-10
class_204,楊梅國中秀才分校,桃園市,4.0,3,1,7,2025-05-27 07:34:00.000000 UTC,2025-05-27 08:14:00.000000 UTC,23.73,False,0.25,四上［同分母分數的比較］,課後輔導,After-school Tutoring,Grade 4,Grade 4 (Comparison),6-10,3-3.99,After-school Tutoring_6-10
class_207,市立三慈國小,臺南市,4.0,1,1,6,2025-02-07 06:02:00.000000 UTC,2025-02-07 06:02:00.000000 UTC,39.0625,False,0.666666666666667,四上［同分母分數的比較］,課後輔導,After-school Tutoring,Grade 4,Grade 4 (Comparison),6-10,1-1.99,After-school Tutoring_6-10
class_210,縣立五結國小,宜蘭縣,3.0,1,1,6,2025-02-13 08:13:00.000000 UTC,2025-02-13 08:13:00.000000 UTC,39.3444444444444,False,1.0,三上［認識分數],課後輔導,After-school Tutoring,Grade 3,Grade 3,6-10,1-1.99,After-school Tutoring_6-10
class_211,市立彭福國小,新北市,6.0,3,3,6,2025-02-13 08:13:00.000000 UTC,2025-02-27 08:20:00.000000 UTC,34.069587628866,True,1.0,四上［同分母分數的比較］&四上［同分母分數加減］&五上［異分母分數的比較與加減］,課後輔導,After-school Tutoring,Grade 6,Grade 4 Combo + Grade 5,6-10,3-3.99,After-school Tutoring_6-10
class_214,市立石門國小,桃園市,5.0,1,1,6,2025-02-25 08:06:00.000000 UTC,2025-02-25 08:06:00.000000 UTC,82.0661157024794,False,0.666666666666667,五上［異分母分數的比較與加減］,課後輔導,After-school Tutoring,Grade 5,Grade 5,6-10,1-1.99,After-school Tutoring_6-10
class_215,縣立明利國小,花蓮縣,3.0,3,1,6,2025-02-27 04:44:00.000000 UTC,2025-03-27 07:18:00.000000 UTC,30.3959731543624,True,0.555555555555556,三上［認識分數],課後輔導,After-school Tutoring,Grade 3,Grade 3,6-10,3-3.99,After-school Tutoring_6-10
class_216,縣立北濱國小,花蓮縣,4.0,1,1,6,2025-02-27 07:28:00.000000 UTC,2025-04-10 08:00:00.000000 UTC,32.825,True,1.0,四上［同分母分數的比較］,課後輔導,After-school Tutoring,Grade 4,Grade 4 (Comparison),6-10,1-1.99,After-school Tutoring_6-10
class_217,市立三峽國小,新北市,6.0,1,1,6,2025-03-03 07:14:00.000000 UTC,2025-03-03 07:14:00.000000 UTC,60.76510067114089,False,1.0,五上［異分母分數的比較與加減］,課後輔導,After-school Tutoring,Grade 6,Grade 5,6-10,1-1.99,After-school Tutoring_6-10
class_218,,新竹市,3.0,1,1,6,2025-03-05 00:09:00.000000 UTC,2025-03-05 00:32:00.000000 UTC,34.2933333333333,False,0.666666666666667,三上［認識分數],早自習,Morning Self-study,Grade 3,Grade 3,6-10,1-1.99,Morning Self-study_6-10
class_219,縣立文澳國小,澎湖縣,3.0,1,1,6,2025-03-06 07:23:00.000000 UTC,2025-03-06 07:23:00.000000 UTC,23.0666666666667,False,1.0,三上［認識分數],上課時間,During Class,Grade 3,Grade 3,6-10,1-1.99,During Class_6-10
class_220,縣立文澳國小,澎湖縣,5.0,1,1,6,2025-03-06 08:30:00.000000 UTC,2025-03-20 08:18:00.000000 UTC,32.7142857142857,True,0.833333333333333,五上［異分母分數的比較與加減］,課後輔導,After-school Tutoring,Grade 5,Grade 5,6-10,1-1.99,After-school Tutoring_6-10
class_222,縣立五結國小,宜蘭縣,4.0,2,2,6,2025-03-17 08:35:00.000000 UTC,2025-03-20 08:56:00.000000 UTC,32.7846153846154,False,1.0,四上［同分母分數的比較］&四上［同分母分數加減］,課後輔導,After-school Tutoring,Grade 4,Grade 4 Combo (Comparison + Add/Sub),6-10,2-2.99,After-school Tutoring_6-10
class_224,市立龍潭國小,臺南市,4.0,3,3,6,2025-03-25 08:04:00.000000 UTC,2025-05-15 08:49:00.000000 UTC,34.4,True,0.722222222222222,三上［認識分數]&四上［同分母分數的比較］&四上［同分母分數加減］,課後輔導,After-school Tutoring,Grade 4,Grade 3 + Grade 4 Combo (Comparison + Add/Sub),6-10,3-3.99,After-school Tutoring_6-10
class_225,市立介壽國小,新北市,3.0,1,1,6,2025-04-26 06:18:00.000000 UTC,2025-04-26 06:18:00.000000 UTC,13.9111111111111,False,0.833333333333333,三上［認識分數],課後輔導,After-school Tutoring,Grade 3,Grade 3,6-10,1-1.99,After-school Tutoring_6-10
class_226,市立長億國小,臺中市,4.0,1,1,6,2025-05-12 08:30:00.000000 UTC,2025-05-12 08:30:00.000000 UTC,34.0617283950617,False,1.0,三上［認識分數],課後輔導,After-school Tutoring,Grade 4,Grade 3,6-10,1-1.99,After-school Tutoring_6-10
class_227,縣立水源國小,花蓮縣,6.0,1,1,6,2025-05-12 08:34:00.000000 UTC,2025-05-12 08:34:00.000000 UTC,33.9916666666667,False,1.0,四上［同分母分數加減］,課後輔導,After-school Tutoring,Grade 6,Grade 4 (Add/Sub),6-10,1-1.99,After-school Tutoring_6-10
class_228,市立文化國小,桃園市,5.0,3,3,6,2025-05-12 13:22:00.000000 UTC,2025-05-12 13:23:00.000000 UTC,20.624,False,0.388888888888889,三上［認識分數]&四上［同分母分數的比較］&四上［同分母分數加減］,上課時間,During Class,Grade 5,Grade 3 + Grade 4 Combo (Comparison + Add/Sub),6-10,3-3.99,During Class_6-10
class_229,市立中正國小,新北市,4.0,1,1,6,2025-05-20 05:08:00.000000 UTC,2025-05-20 05:08:00.000000 UTC,22.0833333333333,False,0.333333333333333,四上［同分母分數的比較］,上課時間,During Class,Grade 4,Grade 4 (Comparison),6-10,1-1.99,During Class_6-10
class_233,縣立明利國小,花蓮縣,4.0,2,2,6,2025-06-02 06:30:00.000000 UTC,2025-06-02 06:30:00.000000 UTC,14.0869565217391,False,0.333333333333333,三上［認識分數]&四上［同分母分數的比較］,課後輔導,After-school Tutoring,Grade 4,Grade 3 + Grade 4 (Comparison),6-10,2-2.99,After-school Tutoring_6-10
class_234,市立高峰國小,新竹市,4.0,2,2,6,2025-06-02 07:17:00.000000 UTC,2025-06-05 07:54:00.000000 UTC,42.227272727272705,False,1.0,四上［同分母分數的比較］&四上［同分母分數加減］,課後輔導,After-school Tutoring,Grade 4,Grade 4 Combo (Comparison + Add/Sub),6-10,2-2.99,After-school Tutoring_6-10
class_235,縣立潮州國小,屏東縣,3.0,1,1,6,2025-06-10 08:31:00.000000 UTC,2025-06-10 08:31:00.000000 UTC,37.1555555555556,False,0.666666666666667,三上［認識分數],課後輔導,After-school Tutoring,Grade 3,Grade 3,6-10,1-1.99,After-school Tutoring_6-10
class_237,縣立合橫國小,澎湖縣,4.0,1,1,5,2025-02-17 08:12:00.000000 UTC,2025-02-17 08:12:00.000000 UTC,26.75,False,1.0,四上［同分母分數的比較］,課後輔導,After-school Tutoring,Grade 4,Grade 4 (Comparison),1-5,1-1.99,After-school Tutoring_1-5
class_240,市立中原國小,桃園市,6.0,1,1,5,2025-03-04 03:09:00.000000 UTC,2025-04-28 06:40:00.000000 UTC,,True,0.0,五上［異分母分數的比較與加減］,無資料,Others,Grade 6,Grade 5,1-5,1-1.99,Others_1-5
class_241,楊梅國中秀才分校,桃園市,5.0,1,1,5,2025-03-04 04:43:00.000000 UTC,2025-03-04 07:35:00.000000 UTC,87.9195402298851,False,0.6,五上［異分母分數的比較與加減］,課後輔導,After-school Tutoring,Grade 5,Grade 5,1-5,1-1.99,After-school Tutoring_1-5
class_245,市立協成國小,臺中市,2.0,6,2,5,2025-03-11 08:12:00.000000 UTC,2025-06-06 07:56:00.000000 UTC,22.024154589372,True,0.8125,三上［認識分數]&四上［同分母分數的比較］,課後輔導,After-school Tutoring,Grade 2,Grade 3 + Grade 4 (Comparison),1-5,4+,After-school Tutoring_1-5
class_246,楊梅國中秀才分校,桃園市,5.0,1,1,5,2025-03-17 00:00:00.000000 UTC,2025-03-24 00:07:00.000000 UTC,26.0444444444444,True,0.8,五上［異分母分數的比較與加減］,早自習,Morning Self-study,Grade 5,Grade 5,1-5,1-1.99,Morning Self-study_1-5
class_247,縣立光華國小,南投縣,4.0,1,1,5,2025-03-18 05:23:00.000000 UTC,2025-03-18 05:23:00.000000 UTC,,False,0.0,五上［異分母分數的比較與加減］,無資料,Others,Grade 4,Grade 5,1-5,1-1.99,Others_1-5
class_248,市立華龍國小,臺中市,4.0,1,1,5,2025-03-18 06:05:00.000000 UTC,2025-03-27 01:05:00.000000 UTC,29.7076923076923,True,0.6,四上［同分母分數加減］,學前,Others,Grade 4,Grade 4 (Add/Sub),1-5,1-1.99,Others_1-5
class_249,縣立光華國小,南投縣,2.0,1,1,5,2025-03-18 06:25:00.000000 UTC,2025-03-21 01:49:00.000000 UTC,,False,0.0,五上［異分母分數的比較與加減］,無資料,Others,Grade 2,Grade 5,1-5,1-1.99,Others_1-5
class_250,縣立復興國小,臺東縣,5.0,1,1,5,2025-03-20 05:31:00.000000 UTC,2025-03-20 08:29:00.000000 UTC,40.64,False,0.2,五上［異分母分數的比較與加減］,課後輔導,After-school Tutoring,Grade 5,Grade 5,1-5,1-1.99,After-school Tutoring_1-5
class_251,縣立瑞源國小,臺東縣,4.0,1,1,5,2025-03-20 08:17:00.000000 UTC,2025-03-20 08:17:00.000000 UTC,76.7407407407407,False,0.0,五上［異分母分數的比較與加減］,無資料,Others,Grade 4,Grade 5,1-5,1-1.99,Others_1-5
class_252,,花蓮縣,2.0,1,1,5,2025-03-25 08:14:00.000000 UTC,2025-03-25 08:14:00.000000 UTC,21.1408450704225,False,0.8,三上［認識分數],課後輔導,After-school Tutoring,Grade 2,Grade 3,1-5,1-1.99,After-school Tutoring_1-5
class_253,市立外社國小,桃園市,3.0,1,1,5,2025-03-26 01:12:00.000000 UTC,2025-03-26 01:12:00.000000 UTC,24.6153846153846,False,0.8,三上［認識分數],早自習,Morning Self-study,Grade 3,Grade 3,1-5,1-1.99,Morning Self-study_1-5
class_254,縣立宜昌國中,花蓮縣,3.0,2,2,5,2025-04-01 04:13:00.000000 UTC,2025-04-01 04:15:00.000000 UTC,,False,0.0,三上［認識分數]&四上［同分母分數的比較］,無資料,Others,Grade 3,Grade 3 + Grade 4 (Comparison),1-5,2-2.99,Others_1-5
class_255,縣立宜昌國中,花蓮縣,3.0,2,1,5,2025-04-07 02:41:00.000000 UTC,2025-04-08 07:57:00.000000 UTC,35.09375,False,0.833333333333333,三上［認識分數],上課時間,During Class,Grade 3,Grade 3,1-5,2-2.99,During Class_1-5
class_256,市立桃子腳國中(小),新北市,6.0,3,3,5,2025-04-08 08:31:00.000000 UTC,2025-04-15 04:27:00.000000 UTC,52.2406015037594,True,0.857142857142857,三上［認識分數]&四上［同分母分數的比較］&五上［異分母分數的比較與加減］,課後輔導,After-school Tutoring,Grade 6,Grade 3 + Grade 4 (Comparison) + Grade 5,1-5,3-3.99,After-school Tutoring_1-5
class_257,縣立大成國小,南投縣,5.0,11,4,5,2025-04-10 05:45:00.000000 UTC,2025-05-22 08:52:00.000000 UTC,29.6313868613138,True,0.966666666666667,三上［認識分數]&四上［同分母分數的比較］&四上［同分母分數加減］&五上［異分母分數的比較與加減］,課後輔導,After-school Tutoring,Grade 5,Grade 3 + Grade 4 Combo + Grade 5,1-5,4+,After-school Tutoring_1-5
class_259,縣立飛沙國小,雲林縣,4.0,1,1,5,2025-05-14 01:43:00.000000 UTC,2025-05-14 01:43:00.000000 UTC,102.22,False,1.0,四上［同分母分數的比較］,上課時間,During Class,Grade 4,Grade 4 (Comparison),1-5,1-1.99,During Class_1-5
class_260,縣立新星國小,新竹縣,5.0,2,2,5,2025-05-22 01:17:00.000000 UTC,2025-05-22 01:20:00.000000 UTC,18.9354838709677,False,0.9,三上［認識分數]&四上［同分母分數的比較］,課後輔導,After-school Tutoring,Grade 5,Grade 3 + Grade 4 (Comparison),1-5,2-2.99,After-school Tutoring_1-5
class_261,縣立平和國小,花蓮縣,4.0,1,1,5,2025-05-22 08:07:00.000000 UTC,2025-05-22 08:07:00.000000 UTC,49.6341463414634,False,0.4,四上［同分母分數的比較］,上課時間,During Class,Grade 4,Grade 4 (Comparison),1-5,1-1.99,During Class_1-5
class_263,市立福營國中,新北市,3.0,1,1,5,2025-06-01 02:48:00.000000 UTC,2025-06-07 07:24:00.000000 UTC,14.0,True,0.4,三上［認識分數],上課時間,During Class,Grade 3,Grade 3,1-5,1-1.99,During Class_1-5
class_265,龍潭國小匏崙分校,宜蘭縣,5.0,3,1,4,2025-02-04 04:19:00.000000 UTC,2025-04-11 03:42:00.000000 UTC,10.7142857142857,True,0.5,三上［認識分數],上課時間,During Class,Grade 5,Grade 3,1-5,3-3.99,During Class_1-5
class_266,楊梅國中秀才分校,桃園市,4.0,1,1,4,2025-02-06 01:29:00.000000 UTC,2025-03-14 02:50:00.000000 UTC,17.6888888888889,True,0.75,三上［認識分數],上課時間,During Class,Grade 4,Grade 3,1-5,1-1.99,During Class_1-5
class_268,縣立大同國小,宜蘭縣,6.0,1,1,4,2025-02-19 01:52:00.000000 UTC,2025-02-19 02:45:00.000000 UTC,102.54,False,1.0,五上［異分母分數的比較與加減］,上課時間,During Class,Grade 6,Grade 5,1-5,1-1.99,During Class_1-5
class_270,,新北市,3.0,1,1,4,2025-03-07 12:05:00.000000 UTC,2025-03-07 12:05:00.000000 UTC,19.1818181818182,False,0.75,三上［認識分數],上課時間,During Class,Grade 3,Grade 3,1-5,1-1.99,During Class_1-5
class_271,市立新市國小,臺南市,3.0,1,1,4,2025-03-12 05:24:00.000000 UTC,2025-03-19 06:11:00.000000 UTC,35.1276595744681,True,1.0,三上［認識分數],上課時間,During Class,Grade 3,Grade 3,1-5,1-1.99,During Class_1-5
class_274,市立港西國小,基隆市,5.0,4,4,4,2025-03-21 08:15:00.000000 UTC,2025-03-28 07:45:00.000000 UTC,40.8075,True,1.0,三上［認識分數]&四上［同分母分數的比較］&四上［同分母分數加減］&五上［異分母分數的比較與加減］,課後輔導,After-school Tutoring,Grade 5,Grade 3 + Grade 4 Combo + Grade 5,1-5,4+,After-school Tutoring_1-5
class_278,市立永安國小,臺南市,2.0,1,1,4,2025-04-08 03:32:00.000000 UTC,2025-04-08 08:09:00.000000 UTC,32.953488372093,False,1.0,四上［同分母分數的比較］,課後輔導,After-school Tutoring,Grade 2,Grade 4 (Comparison),1-5,1-1.99,After-school Tutoring_1-5
class_279,市立東湖國小,新北市,4.0,1,1,4,2025-04-28 04:36:00.000000 UTC,2025-04-28 04:36:00.000000 UTC,46.325,False,1.0,四上［同分母分數的比較］,上課時間,During Class,Grade 4,Grade 4 (Comparison),1-5,1-1.99,During Class_1-5
class_282,市立東湖國小,新北市,4.0,2,2,4,2025-05-22 08:32:00.000000 UTC,2025-05-26 07:51:00.000000 UTC,58.6,True,1.0,四上［同分母分數的比較］&四上［同分母分數加減］,課後輔導,After-school Tutoring,Grade 4,Grade 4 Combo (Comparison + Add/Sub),1-5,2-2.99,After-school Tutoring_1-5
class_285,市立崇光國小,臺中市,3.0,1,1,4,2025-05-23 06:34:00.000000 UTC,2025-06-13 07:43:00.000000 UTC,10.4666666666667,True,0.5,三上［認識分數],上課時間,During Class,Grade 3,Grade 3,1-5,1-1.99,During Class_1-5
class_286,市立龍埔國小,新北市,4.0,2,2,4,2025-05-27 09:14:00.000000 UTC,2025-05-29 09:16:00.000000 UTC,24.1388888888889,False,1.0,四上［同分母分數的比較］&四上［同分母分數加減］,課後輔導,After-school Tutoring,Grade 4,Grade 4 Combo (Comparison + Add/Sub),1-5,2-2.99,After-school Tutoring_1-5
class_287,市立寶來國小,高雄市,3.0,1,1,4,2025-06-08 23:57:00.000000 UTC,2025-06-08 23:57:00.000000 UTC,45.7,False,1.0,三上［認識分數],早自習,Morning Self-study,Grade 3,Grade 3,1-5,1-1.99,Morning Self-study_1-5
class_290,,新北市,4.0,3,2,3,2025-02-03 10:45:00.000000 UTC,2025-02-13 06:33:00.000000 UTC,5.428571428571431,True,0.888888888888889,三上［認識分數]&四上［同分母分數加減］,上課時間,During Class,Grade 4,Grade 3 + Grade 4 (Add/Sub),1-5,3-3.99,During Class_1-5
class_291,,苗栗縣,3.0,1,1,3,2025-02-03 23:54:00.000000 UTC,2025-02-12 14:48:00.000000 UTC,17.1,True,0.666666666666667,三上［認識分數],早自習,Morning Self-study,Grade 3,Grade 3,1-5,1-1.99,Morning Self-study_1-5
class_292,,臺中市,2.0,8,4,3,2025-02-04 04:14:00.000000 UTC,2025-05-07 03:07:00.000000 UTC,5.946428571428569,True,0.533333333333333,三上［認識分數]&四上［同分母分數的比較］&四上［同分母分數加減］&五上［異分母分數的比較與加減］,上課時間,During Class,Grade 2,Grade 3 + Grade 4 Combo + Grade 5,1-5,4+,During Class_1-5
class_299,縣立德武國小,花蓮縣,5.0,1,1,3,2025-03-03 06:30:00.000000 UTC,2025-03-03 06:30:00.000000 UTC,47.466666666666704,False,1.0,五上［異分母分數的比較與加減］,課後輔導,After-school Tutoring,Grade 5,Grade 5,1-5,1-1.99,After-school Tutoring_1-5
class_302,市立三慈國小,臺南市,4.0,1,1,3,2025-03-07 08:29:00.000000 UTC,2025-03-07 08:29:00.000000 UTC,24.3333333333333,False,1.0,四上［同分母分數的比較］,課後輔導,After-school Tutoring,Grade 4,Grade 4 (Comparison),1-5,1-1.99,After-school Tutoring_1-5
class_303,市立南美國小,桃園市,3.0,2,2,3,2025-03-13 07:40:00.000000 UTC,2025-03-13 07:41:00.000000 UTC,35.0555555555556,False,1.0,三上［認識分數]&四上［同分母分數的比較］,課後輔導,After-school Tutoring,Grade 3,Grade 3 + Grade 4 (Comparison),1-5,2-2.99,After-school Tutoring_1-5
class_304,慈濟大學,花蓮縣,6.0,1,1,3,2025-03-31 06:05:00.000000 UTC,2025-04-19 06:25:00.000000 UTC,30.52,True,0.333333333333333,五上［異分母分數的比較與加減］,課後輔導,After-school Tutoring,Grade 6,Grade 5,1-5,1-1.99,After-school Tutoring_1-5
class_305,,桃園市,3.0,2,1,3,2025-04-03 03:49:00.000000 UTC,2025-04-03 07:04:00.000000 UTC,36.848484848484894,False,0.8,三上［認識分數],上課時間,During Class,Grade 3,Grade 3,1-5,2-2.99,During Class_1-5
class_306,市立元生國小,桃園市,6.0,1,1,3,2025-04-10 23:44:00.000000 UTC,2025-04-15 23:52:00.000000 UTC,,True,0.0,五上［異分母分數的比較與加減］,無資料,Others,Grade 6,Grade 5,1-5,1-1.99,Others_1-5
class_307,,臺北市,4.0,1,1,3,2025-04-22 08:46:00.000000 UTC,2025-04-28 08:12:00.000000 UTC,17.3,True,0.333333333333333,四上［同分母分數加減］,課後輔導,After-school Tutoring,Grade 4,Grade 4 (Add/Sub),1-5,1-1.99,After-school Tutoring_1-5
class_308,市立木柵國中,臺北市,4.0,3,2,3,2025-05-08 08:03:00.000000 UTC,2025-05-22 07:40:00.000000 UTC,43.88,True,1.0,三上［認識分數]&四上［同分母分數加減］,上課時間,During Class,Grade 4,Grade 3 + Grade 4 (Add/Sub),1-5,3-3.99,During Class_1-5
class_311,市立海山高中附設國中,新北市,8.0,1,1,3,2025-05-22 11:09:00.000000 UTC,2025-05-22 11:09:00.000000 UTC,10.2,False,1.0,三上［認識分數],放學後,Others,Grade 8,Grade 3,1-5,1-1.99,Others_1-5
class_313,,臺北市,10.0,1,1,2,2025-02-08 04:02:00.000000 UTC,2025-05-29 07:25:00.000000 UTC,29.75,True,0.5,五上［異分母分數的比較與加減］,上課時間,During Class,Grade 10,Grade 5,1-5,1-1.99,During Class_1-5
class_315,,宜蘭縣,6.0,1,1,2,2025-02-17 09:03:00.000000 UTC,2025-02-17 09:03:00.000000 UTC,32.2692307692308,False,0.5,五上［異分母分數的比較與加減］,課後輔導,After-school Tutoring,Grade 6,Grade 5,1-5,1-1.99,After-school Tutoring_1-5
class_317,市立武崙國小,基隆市,5.0,1,1,2,2025-02-27 05:15:00.000000 UTC,2025-02-27 10:29:00.000000 UTC,,False,0.0,三上［認識分數],無資料,Others,Grade 5,Grade 3,1-5,1-1.99,Others_1-5
class_319,縣立法治國小,南投縣,7.0,1,1,2,2025-03-09 15:12:00.000000 UTC,2025-03-12 11:10:00.000000 UTC,52.35,True,1.0,五上［異分母分數的比較與加減］,放學後,Others,Grade 7,Grade 5,1-5,1-1.99,Others_1-5
class_320,市立龍潭國小,臺南市,6.0,1,1,2,2025-03-12 07:20:00.000000 UTC,2025-03-12 07:32:00.000000 UTC,131.613636363636,False,0.5,五上［異分母分數的比較與加減］,上課時間,During Class,Grade 6,Grade 5,1-5,1-1.99,During Class_1-5
class_321,,臺中市,1.0,2,1,2,2025-03-20 03:43:00.000000 UTC,2025-05-19 08:58:00.000000 UTC,4.0,True,0.666666666666667,三上［認識分數],課後輔導,After-school Tutoring,Grade 1,Grade 3,1-5,2-2.99,After-school Tutoring_1-5
class_322,縣立壯圍國小,宜蘭縣,4.0,1,1,2,2025-03-20 05:19:00.000000 UTC,2025-03-20 05:19:00.000000 UTC,40.2,False,0.5,四上［同分母分數的比較］,放學後,Others,Grade 4,Grade 4 (Comparison),1-5,1-1.99,Others_1-5
class_324,,高雄市,4.0,2,2,2,2025-03-25 05:35:00.000000 UTC,2025-03-25 05:37:00.000000 UTC,65.05,False,0.25,四上［同分母分數的比較］&四上［同分母分數加減］,放學後,Others,Grade 4,Grade 4 Combo (Comparison + Add/Sub),1-5,2-2.99,Others_1-5
class_326,市立關東國小,新竹市,6.0,1,1,2,2025-04-20 07:39:00.000000 UTC,2025-04-20 07:39:00.000000 UTC,18.9411764705882,False,0.5,四上［同分母分數加減］,上課時間,During Class,Grade 6,Grade 4 (Add/Sub),1-5,1-1.99,During Class_1-5
class_327,縣立東里國小,花蓮縣,6.0,2,2,2,2025-04-25 07:06:00.000000 UTC,2025-05-09 06:44:00.000000 UTC,93.1052631578947,True,1.0,三上［認識分數]&四上［同分母分數的比較］,上課時間,During Class,Grade 6,Grade 3 + Grade 4 (Comparison),1-5,2-2.99,During Class_1-5
class_329,縣立德武國小,花蓮縣,3.0,1,1,2,2025-04-29 07:13:00.000000 UTC,2025-04-29 07:13:00.000000 UTC,12.7666666666667,False,1.0,三上［認識分數],課後輔導,After-school Tutoring,Grade 3,Grade 3,1-5,1-1.99,After-school Tutoring_1-5
class_330,,臺北市,1.0,1,1,2,2025-04-30 10:07:00.000000 UTC,2025-04-30 10:07:00.000000 UTC,,False,0.0,三上［認識分數],無資料,Others,Grade 1,Grade 3,1-5,1-1.99,Others_1-5
class_331,楊梅國中秀才分校,桃園市,4.0,2,1,2,2025-05-07 07:33:00.000000 UTC,2025-05-27 03:32:00.000000 UTC,,True,0.5,四上［同分母分數的比較］,上課時間,During Class,Grade 4,Grade 4 (Comparison),1-5,2-2.99,During Class_1-5
class_332,國立臺東大學,臺東縣,5.0,1,1,2,2025-05-12 07:51:00.000000 UTC,2025-05-12 07:51:00.000000 UTC,21.35,False,1.0,四上［同分母分數的比較］,早自習,Morning Self-study,Grade 5,Grade 4 (Comparison),1-5,1-1.99,Morning Self-study_1-5
class_333,縣立水里國中,南投縣,8.0,1,1,2,2025-05-14 07:16:00.000000 UTC,2025-05-14 07:16:00.000000 UTC,57.025,False,1.0,四上［同分母分數的比較］,課後輔導,After-school Tutoring,Grade 8,Grade 4 (Comparison),1-5,1-1.99,After-school Tutoring_1-5
class_334,市立德拉楠民族實驗小學,新北市,4.0,2,2,2,2025-05-15 07:47:00.000000 UTC,2025-05-15 07:48:00.000000 UTC,58.9125,False,1.0,四上［同分母分數的比較］&四上［同分母分數加減］,上課時間,During Class,Grade 4,Grade 4 Combo (Comparison + Add/Sub),1-5,2-2.99,During Class_1-5
class_335,市立福山國小,高雄市,3.0,3,1,2,2025-05-20 00:34:00.000000 UTC,2025-06-02 08:24:00.000000 UTC,27.1428571428571,True,0.0,三上［認識分數],無資料,Others,Grade 3,Grade 3,1-5,3-3.99,Others_1-5
class_336,,高雄市,2.0,1,1,2,2025-05-27 02:44:00.000000 UTC,2025-05-27 02:44:00.000000 UTC,11.2,False,0.5,三上［認識分數],上課時間,During Class,Grade 2,Grade 3,1-5,1-1.99,During Class_1-5
class_338,市立草湖國小,臺中市,1.0,1,1,2,2025-06-05 01:49:00.000000 UTC,2025-06-05 01:50:00.000000 UTC,,False,0.0,三上［認識分數],無資料,Others,Grade 1,Grade 3,1-5,1-1.99,Others_1-5
class_340,縣立員山國小,宜蘭縣,6.0,1,1,2,2025-06-12 08:24:00.000000 UTC,2025-06-12 08:24:00.000000 UTC,25.2,False,0.5,三上［認識分數],課後輔導,After-school Tutoring,Grade 6,Grade 3,1-5,1-1.99,After-school Tutoring_1-5
class_341,縣立潮洋國小,彰化縣,3.0,1,1,2,2025-06-14 00:38:00.000000 UTC,2025-06-14 00:38:00.000000 UTC,,False,0.0,三上［認識分數],無資料,Others,Grade 3,Grade 3,1-5,1-1.99,Others_1-5
class_343,縣立冬山國中,宜蘭縣,4.0,2,2,1,2025-02-04 06:45:00.000000 UTC,2025-02-10 05:24:00.000000 UTC,40.2380952380952,True,1.0,四上［同分母分數的比較］&四上［同分母分數加減］,上課時間,During Class,Grade 4,Grade 4 Combo (Comparison + Add/Sub),1-5,2-2.99,During Class_1-5
class_344,市立忠孝國中,臺南市,2.0,1,1,1,2025-02-05 08:19:00.000000 UTC,2025-02-05 08:19:00.000000 UTC,83.76,False,1.0,五上［異分母分數的比較與加減］,課後輔導,After-school Tutoring,Grade 2,Grade 5,1-5,1-1.99,After-school Tutoring_1-5
class_351,縣立湖山國小,宜蘭縣,5.0,1,1,1,2025-02-11 08:29:00.000000 UTC,2025-02-11 08:29:00.000000 UTC,68.48,False,1.0,五上［異分母分數的比較與加減］,課後輔導,After-school Tutoring,Grade 5,Grade 5,1-5,1-1.99,After-school Tutoring_1-5
class_353,市立文林國小,新北市,4.0,2,2,1,2025-02-12 11:17:00.000000 UTC,2025-06-06 09:51:00.000000 UTC,21.8,True,1.0,四上［同分母分數的比較］&五上［異分母分數的比較與加減］,放學後,Others,Grade 4,Grade 4 (Comparison) + Grade 5,1-5,2-2.99,Others_1-5
class_356,市立右昌國中,高雄市,7.0,3,3,1,2025-02-18 02:43:00.000000 UTC,2025-02-18 02:44:00.000000 UTC,,False,0.0,三上［認識分數]&四上［同分母分數的比較］&四上［同分母分數加減］,無資料,Others,Grade 7,Grade 3 + Grade 4 Combo (Comparison + Add/Sub),1-5,3-3.99,Others_1-5
class_359,縣立蘭嶼高中,臺東縣,2.0,1,1,1,2025-02-22 07:49:00.000000 UTC,2025-02-22 07:49:00.000000 UTC,50.7777777777778,False,0.0,五上［異分母分數的比較與加減］,無資料,Others,Grade 2,Grade 5,1-5,1-1.99,Others_1-5
class_361,市立仁和國小,桃園市,3.0,1,1,1,2025-02-28 06:17:00.000000 UTC,2025-02-28 06:17:00.000000 UTC,44.66666666666671,False,1.0,三上［認識分數],上課時間,During Class,Grade 3,Grade 3,1-5,1-1.99,During Class_1-5
class_365,縣立恆春國小,屏東縣,4.0,1,1,1,2025-03-13 06:40:00.000000 UTC,2025-03-13 06:40:00.000000 UTC,44.8,False,1.0,四上［同分母分數的比較］,課後輔導,After-school Tutoring,Grade 4,Grade 4 (Comparison),1-5,1-1.99,After-school Tutoring_1-5
class_366,,基隆市,3.0,2,1,1,2025-03-13 10:46:00.000000 UTC,2025-04-03 05:23:00.000000 UTC,18.6666666666667,True,0.5,三上［認識分數],課後輔導,After-school Tutoring,Grade 3,Grade 3,1-5,2-2.99,After-school Tutoring_1-5
class_368,,臺中市,4.0,1,1,1,2025-03-19 08:05:00.000000 UTC,2025-03-19 08:05:00.000000 UTC,2.66666666666667,False,1.0,三上［認識分數],課後輔導,After-school Tutoring,Grade 4,Grade 3,1-5,1-1.99,After-school Tutoring_1-5
class_369,,臺南市,3.0,1,1,1,2025-03-20 12:25:00.000000 UTC,2025-03-20 12:25:00.000000 UTC,25.1333333333333,False,1.0,三上［認識分數],放學後,Others,Grade 3,Grade 3,1-5,1-1.99,Others_1-5
class_370,,臺中市,3.0,1,1,1,2025-03-21 13:56:00.000000 UTC,2025-03-21 13:56:00.000000 UTC,23.8,False,1.0,三上［認識分數],上課時間,During Class,Grade 3,Grade 3,1-5,1-1.99,During Class_1-5
class_371,,花蓮縣,3.0,3,3,1,2025-03-26 00:11:00.000000 UTC,2025-03-26 00:13:00.000000 UTC,31.7272727272727,False,1.0,三上［認識分數]&四上［同分母分數的比較］&四上［同分母分數加減］,早自習,Morning Self-study,Grade 3,Grade 3 + Grade 4 Combo (Comparison + Add/Sub),1-5,3-3.99,Morning Self-study_1-5
class_372,市立瑞峰國小,臺中市,1.0,1,1,1,2025-03-26 02:20:00.000000 UTC,2025-03-26 02:20:00.000000 UTC,,False,0.0,三上［認識分數],無資料,Others,Grade 1,Grade 3,1-5,1-1.99,Others_1-5
class_373,國立東華大學,花蓮縣,3.0,1,1,1,2025-03-31 09:10:00.000000 UTC,2025-03-31 09:10:00.000000 UTC,,False,0.0,三上［認識分數],無資料,Others,Grade 3,Grade 3,1-5,1-1.99,Others_1-5
class_375,縣立大鳥國小,臺東縣,2.0,2,1,1,2025-04-10 09:02:00.000000 UTC,2025-04-29 08:28:00.000000 UTC,21.8333333333333,True,1.0,三上［認識分數],課後輔導,After-school Tutoring,Grade 2,Grade 3,1-5,2-2.99,After-school Tutoring_1-5
class_376,市立崑山國小,臺南市,12.0,1,1,1,2025-04-11 14:01:00.000000 UTC,2025-04-11 14:01:00.000000 UTC,,False,0.0,五上［異分母分數的比較與加減］,無資料,Others,Grade 12,Grade 5,1-5,1-1.99,Others_1-5
class_377,縣立壯圍國小,宜蘭縣,3.0,1,1,1,2025-04-17 10:47:00.000000 UTC,2025-04-17 10:47:00.000000 UTC,30.5333333333333,False,1.0,三上［認識分數],放學後,Others,Grade 3,Grade 3,1-5,1-1.99,Others_1-5
class_378,,臺中市,3.0,2,2,1,2025-04-25 22:08:00.000000 UTC,2025-04-25 22:23:00.000000 UTC,7.357142857142861,False,1.0,三上［認識分數]&四上［同分母分數加減］,學前,Others,Grade 3,Grade 3 + Grade 4 (Add/Sub),1-5,2-2.99,Others_1-5
class_381,,宜蘭縣,4.0,1,1,1,2025-05-06 10:28:00.000000 UTC,2025-05-06 10:28:00.000000 UTC,6.33333333333333,False,1.0,三上［認識分數],放學後,Others,Grade 4,Grade 3,1-5,1-1.99,Others_1-5
class_382,縣立中正國小,澎湖縣,4.0,1,1,1,2025-05-08 05:29:00.000000 UTC,2025-05-08 05:29:00.000000 UTC,15.0,False,1.0,三上［認識分數],上課時間,During Class,Grade 4,Grade 3,1-5,1-1.99,During Class_1-5
class_383,市立銘傳國小,臺北市,4.0,1,1,1,2025-05-09 04:10:00.000000 UTC,2025-05-09 04:10:00.000000 UTC,,False,1.0,四上［同分母分數加減］,上課時間,During Class,Grade 4,Grade 4 (Add/Sub),1-5,1-1.99,During Class_1-5
class_384,,臺北市,3.0,1,1,1,2025-05-11 08:00:00.000000 UTC,2025-05-11 08:00:00.000000 UTC,,False,0.0,三上［認識分數],無資料,Others,Grade 3,Grade 3,1-5,1-1.99,Others_1-5
class_387,縣立頭屋國小,苗栗縣,4.0,1,1,1,2025-05-16 00:08:00.000000 UTC,2025-05-16 00:08:00.000000 UTC,16.8,False,1.0,四上［同分母分數的比較］,早自習,Morning Self-study,Grade 4,Grade 4 (Comparison),1-5,1-1.99,Morning Self-study_1-5
class_388,縣立北港國小,南投縣,3.0,1,1,1,2025-05-16 03:23:00.000000 UTC,2025-05-16 03:23:00.000000 UTC,23.0666666666667,False,1.0,三上［認識分數],上課時間,During Class,Grade 3,Grade 3,1-5,1-1.99,During Class_1-5
class_390,,新北市,4.0,1,1,1,2025-05-24 05:53:00.000000 UTC,2025-05-24 05:53:00.000000 UTC,30.8,False,1.0,三上［認識分數],上課時間,During Class,Grade 4,Grade 3,1-5,1-1.99,During Class_1-5
class_391,市立鳳山區中山國小,高雄市,4.0,1,1,1,2025-05-27 02:30:00.000000 UTC,2025-05-27 02:30:00.000000 UTC,14.1333333333333,False,1.0,三上［認識分數],上課時間,During Class,Grade 4,Grade 3,1-5,1-1.99,During Class_1-5
class_392,市立培英國中,新竹市,4.0,2,1,1,2025-05-27 07:12:00.000000 UTC,2025-06-02 02:42:00.000000 UTC,55.0,True,0.5,四上［同分母分數的比較］,上課時間,During Class,Grade 4,Grade 4 (Comparison),1-5,2-2.99,During Class_1-5
class_393,市立喀哩國小,臺中市,5.0,1,1,1,2025-05-29 00:35:00.000000 UTC,2025-05-29 00:35:00.000000 UTC,12.6,False,1.0,四上［同分母分數的比較］,上課時間,During Class,Grade 5,Grade 4 (Comparison),1-5,1-1.99,During Class_1-5
class_396,市立福山國小,高雄市,2.0,1,1,1,2025-06-04 04:58:00.000000 UTC,2025-06-04 04:58:00.000000 UTC,,False,0.0,三上［認識分數],無資料,Others,Grade 2,Grade 3,1-5,1-1.99,Others_1-5
class_397,,高雄市,5.0,1,1,1,2025-06-06 02:06:00.000000 UTC,2025-06-06 02:06:00.000000 UTC,,False,0.0,四上［同分母分數的比較］,無資料,Others,Grade 5,Grade 4 (Comparison),1-5,1-1.99,Others_1-5
class_398,縣立秀水國中,彰化縣,2.0,1,1,1,2025-06-10 01:58:00.000000 UTC,2025-06-10 01:58:00.000000 UTC,,False,0.0,四上［同分母分數加減］,無資料,Others,Grade 2,Grade 4 (Add/Sub),1-5,1-1.99,Others_1-5
class_399,市立援中國小,高雄市,3.0,1,1,1,2025-06-10 07:52:00.000000 UTC,2025-06-10 07:52:00.000000 UTC,11.8,False,1.0,三上［認識分數],課後輔導,After-school Tutoring,Grade 3,Grade 3,1-5,1-1.99,After-school Tutoring_1-5
class_400,市立南屯國小,臺中市,3.0,1,1,1,2025-06-10 08:40:00.000000 UTC,2025-06-10 08:40:00.000000 UTC,22.6666666666667,False,1.0,三上［認識分數],課後輔導,After-school Tutoring,Grade 3,Grade 3,1-5,1-1.99,After-school Tutoring_1-5
